{"iter": 100, "train/loss": 100, "_timestamp": 1722604701.909688, "_runtime": 11.089624881744385, "_step": 0, "_wandb": {"runtime": 463}}